TIME,LAT,LONG,VAL
0,36.07304482,-79.77605888,298
0.1,36.0730466,-79.77605746,314
0.2,36.07304838,-79.77605603,319
0.3,36.07305015,-79.77605461,314
0.4,36.07305156,-79.77605349,307
0.5,36.07305156,-79.77605349,300
0.6,36.07305156,-79.77605349,293
0.7,36.07305156,-79.77605349,287
0.8,36.07305156,-79.77605349,281
0.9,36.07305156,-79.77605349,276
1,36.07305156,-79.77605349,271
1.1,36.07305156,-79.77605349,266
1.2,36.07305156,-79.77605349,261
1.3,36.07305156,-79.7760535,256
1.4,36.07305155,-79.7760535,242
1.5,36.07305155,-79.7760535,237
1.6,36.07305157,-79.77605348,232
1.7,36.07305159,-79.77605345,224
1.8,36.07305162,-79.77605341,222
1.9,36.07305165,-79.77605337,219
2,36.07305167,-79.77605335,216
2.1,36.07305163,-79.7760534,214
2.2,36.07305152,-79.77605354,212
2.3,36.07305131,-79.77605381,210
2.4,36.07305099,-79.77605421,210
2.5,36.07305056,-79.77605475,209
2.6,36.07305001,-79.77605546,208
2.7,36.07304941,-79.77605624,207
2.8,36.07304878,-79.77605706,206
2.9,36.07304816,-79.77605787,205
3,36.07304758,-79.77605863,203
3.1,36.07304704,-79.7760593,201
3.2,36.07304651,-79.7760599,200
3.3,36.07304598,-79.77606041,198
3.4,36.07304543,-79.77606084,196
3.5,36.07304486,-79.77606118,185
3.6,36.07304425,-79.7760614,182
3.7,36.07304363,-79.77606152,179
3.8,36.073043,-79.77606154,176
3.9,36.07304237,-79.77606149,173
4,36.07304178,-79.77606137,171
4.1,36.07304124,-79.7760612,169
4.2,36.07304077,-79.77606103,167
4.3,36.07304039,-79.77606089,166
4.4,36.07304009,-79.77606078,165
4.5,36.07303985,-79.77606069,165
4.6,36.07303971,-79.77606065,165
4.7,36.07303963,-79.77606062,165
4.8,36.07303957,-79.7760606,166
4.9,36.07303952,-79.77606059,166
5,36.07303954,-79.7760606,167
5.1,36.07303957,-79.77606061,168
5.2,36.07303961,-79.77606062,178
5.3,36.07303965,-79.77606063,177
5.4,36.07303969,-79.77606064,175
5.5,36.07303972,-79.77606065,173
5.6,36.07303973,-79.77606066,172
5.7,36.07303974,-79.77606066,170
5.8,36.07303973,-79.77606066,169
5.9,36.07303973,-79.77606065,167
6,36.07303972,-79.77606065,165
6.1,36.07303973,-79.77606065,163
6.2,36.07303973,-79.77606065,160
6.3,36.07303973,-79.77606065,157
6.4,36.07303973,-79.77606065,155
6.5,36.07303973,-79.77606065,153
6.6,36.07303973,-79.77606065,153
6.7,36.07303973,-79.77606065,152
6.8,36.07303973,-79.77606065,151
6.9,36.07303973,-79.77606065,158
7,36.07303973,-79.77606065,159
7.1,36.07303973,-79.77606065,161
7.2,36.07303973,-79.77606065,162
7.3,36.07303973,-79.77606065,164
7.4,36.07303973,-79.77606065,165
7.5,36.07303973,-79.77606065,165
7.6,36.07303973,-79.77606065,166
7.7,36.07303973,-79.77606065,166
7.8,36.07303973,-79.77606065,167
7.9,36.07303973,-79.77606065,167
8,36.07303973,-79.77606065,166
8.1,36.07303973,-79.77606065,165
8.2,36.07303973,-79.77606065,164
8.3,36.07303973,-79.77606065,163
8.4,36.07303973,-79.77606065,162
8.5,36.07303973,-79.77606065,161
8.6,36.07303973,-79.77606065,147
8.7,36.07303973,-79.77606065,147
8.8,36.07303973,-79.77606065,147
8.9,36.07303973,-79.77606065,147
9,36.07303973,-79.77606065,148
9.1,36.07303973,-79.77606065,148
9.2,36.07303972,-79.77606065,149
9.3,36.07303971,-79.77606065,150
9.4,36.07303971,-79.77606065,151
9.5,36.07303971,-79.77606065,152
9.6,36.07303971,-79.77606065,153
9.7,36.07303974,-79.77606066,155
9.8,36.07303979,-79.77606068,157
9.9,36.07303985,-79.7760607,159
10,36.07303994,-79.77606074,160
10.1,36.07304005,-79.77606078,162
10.2,36.07304015,-79.77606084,163
10.3,36.07304024,-79.77606091,161
10.4,36.07304031,-79.77606099,160
10.5,36.07304034,-79.77606108,159
10.6,36.07304033,-79.77606118,158
10.7,36.07304029,-79.7760613,155
10.8,36.07304023,-79.77606142,153
10.9,36.07304016,-79.77606156,151
11,36.0730401,-79.7760617,148
11.1,36.07304007,-79.77606185,147
11.2,36.07304005,-79.776062,146
11.3,36.07304007,-79.77606216,146
11.4,36.0730401,-79.77606231,145
11.5,36.07304015,-79.77606246,145
11.6,36.07304021,-79.77606258,145
11.7,36.07304027,-79.77606266,146
11.8,36.07304031,-79.77606271,147
11.9,36.07304033,-79.77606272,148
12,36.07304033,-79.77606269,161
12.1,36.07304029,-79.77606262,161
12.2,36.07304022,-79.77606254,162
12.3,36.07304014,-79.77606246,162
12.4,36.07304003,-79.77606238,162
12.5,36.07303993,-79.77606231,163
12.6,36.07303983,-79.77606226,163
12.7,36.07303974,-79.7760622,163
12.8,36.07303966,-79.77606215,163
12.9,36.0730396,-79.77606208,163
13,36.07303953,-79.776062,162
13.1,36.07303946,-79.7760619,162
13.2,36.07303939,-79.77606178,161
13.3,36.07303931,-79.77606165,160
13.4,36.07303923,-79.77606152,160
13.5,36.07303915,-79.77606141,159
13.6,36.07303908,-79.77606132,150
13.7,36.07303902,-79.77606125,143
13.8,36.07303898,-79.77606122,144
13.9,36.07303895,-79.77606121,144
14,36.07303893,-79.77606123,145
14.1,36.07303891,-79.77606127,146
14.2,36.07303889,-79.77606132,146
14.3,36.07303886,-79.77606136,147
14.4,36.07303883,-79.7760614,148
14.5,36.0730388,-79.77606142,148
14.6,36.07303877,-79.77606143,149
14.7,36.07303873,-79.77606142,150
14.8,36.07303868,-79.77606141,150
14.9,36.07303864,-79.77606139,152
15,36.07303859,-79.77606134,153
15.1,36.07303853,-79.7760613,154
15.2,36.07303848,-79.77606124,156
15.3,36.07303841,-79.77606115,157
15.4,36.07303833,-79.77606105,164
15.5,36.07303825,-79.77606092,163
15.6,36.07303815,-79.77606077,162
15.7,36.07303803,-79.77606058,161
15.8,36.0730379,-79.77606038,160
15.9,36.07303778,-79.77606018,159
16,36.07303766,-79.77605999,158
16.1,36.07303757,-79.77605984,156
16.2,36.07303751,-79.77605972,153
16.3,36.07303746,-79.77605965,151
16.4,36.07303744,-79.7760596,148
16.5,36.07303743,-79.77605959,147
16.6,36.07303744,-79.7760596,146
16.7,36.07303745,-79.77605961,145
16.8,36.07303746,-79.77605962,145
16.9,36.07303746,-79.77605964,144
17,36.07303747,-79.77605964,145
17.1,36.07303747,-79.77605964,154
17.2,36.07303747,-79.77605964,157
17.3,36.07303747,-79.77605964,158
17.4,36.07303747,-79.77605964,159
17.5,36.07303747,-79.77605964,161
17.6,36.07303747,-79.77605964,162
17.7,36.07303747,-79.77605964,163
17.8,36.07303747,-79.77605964,163
17.9,36.07303747,-79.77605964,164
18,36.07303747,-79.77605964,163
18.1,36.07303747,-79.77605964,163
18.2,36.07303747,-79.77605964,162
18.3,36.07303747,-79.77605964,161
18.4,36.07303747,-79.77605964,160
18.5,36.07303747,-79.77605964,159
18.6,36.07303747,-79.77605964,158
18.7,36.07303747,-79.77605964,155
18.8,36.07303747,-79.77605964,143
18.9,36.07303747,-79.77605964,144
19,36.07303747,-79.77605964,144
19.1,36.07303747,-79.77605964,145
19.2,36.07303747,-79.77605964,146
19.3,36.07303747,-79.77605964,147
19.4,36.07303747,-79.77605964,148
19.5,36.07303747,-79.77605964,150
19.6,36.07303747,-79.77605964,151
19.7,36.07303747,-79.77605964,153
19.8,36.07303747,-79.77605964,155
19.9,36.07303746,-79.77605964,157
20,36.07303747,-79.77605964,159
20.1,36.07303747,-79.77605964,160
20.2,36.07303748,-79.77605964,161
20.3,36.07303749,-79.77605965,162
20.4,36.07303749,-79.77605965,163
20.5,36.07303749,-79.77605965,159
20.6,36.07303748,-79.77605965,158
20.7,36.07303744,-79.77605965,156
20.8,36.07303738,-79.77605963,154
20.9,36.07303729,-79.77605961,152
21,36.07303718,-79.77605956,150
21.1,36.07303705,-79.77605949,147
21.2,36.0730369,-79.7760594,146
21.3,36.07303675,-79.77605929,146
21.4,36.07303659,-79.77605915,145
21.5,36.07303643,-79.77605901,145
21.6,36.07303629,-79.77605886,144
21.7,36.07303615,-79.77605872,145
21.8,36.07303601,-79.77605857,145
21.9,36.07303588,-79.77605843,147
22,36.07303576,-79.77605829,148
22.1,36.07303565,-79.77605815,149
22.2,36.07303556,-79.77605801,149
22.3,36.07303547,-79.77605787,163
22.4,36.07303539,-79.77605773,163
22.5,36.07303533,-79.77605758,163
22.6,36.07303527,-79.77605743,164
22.7,36.07303523,-79.77605728,164
22.8,36.07303519,-79.77605713,164
22.9,36.07303517,-79.77605698,163
23,36.07303515,-79.77605683,162
23.1,36.07303513,-79.77605668,162
23.2,36.07303512,-79.77605654,161
23.3,36.0730351,-79.77605639,160
23.4,36.07303508,-79.77605624,159
23.5,36.07303507,-79.77605609,158
23.6,36.07303506,-79.77605593,156
23.7,36.07303506,-79.77605576,154
23.8,36.07303507,-79.77605559,153
23.9,36.07303508,-79.77605543,151
24,36.07303509,-79.77605529,144
24.1,36.07303511,-79.77605517,145
24.2,36.07303511,-79.77605509,146
24.3,36.07303511,-79.77605503,147
24.4,36.07303509,-79.77605499,148
24.5,36.07303507,-79.77605495,149
24.6,36.07303504,-79.77605492,150
24.7,36.07303501,-79.77605488,151
24.8,36.07303498,-79.77605484,152
24.9,36.07303494,-79.7760548,154
25,36.07303491,-79.77605475,157
25.1,36.07303487,-79.7760547,158
25.2,36.07303484,-79.77605465,159
25.3,36.07303481,-79.7760546,161
25.4,36.07303479,-79.77605455,162
25.5,36.07303478,-79.7760545,162
25.6,36.07303478,-79.77605445,162
25.7,36.07303479,-79.77605441,159
25.8,36.07303481,-79.77605436,150
25.9,36.07303482,-79.77605431,149
26,36.07303483,-79.77605426,149
26.1,36.07303482,-79.77605426,148
26.2,36.07303479,-79.77605433,147
26.3,36.07303473,-79.77605452,147
26.4,36.07303463,-79.77605489,146
26.5,36.07303449,-79.7760555,146
26.6,36.0730343,-79.77605645,145
26.7,36.07303406,-79.77605775,145
26.8,36.0730338,-79.77605939,144
26.9,36.07303351,-79.77606136,145
27,36.07303322,-79.77606365,145
27.1,36.07303295,-79.7760662,145
27.2,36.07303273,-79.77606882,145
27.3,36.07303256,-79.77607146,146
27.4,36.07303246,-79.77607404,156
27.5,36.07303243,-79.7760765,157
27.6,36.07303251,-79.77607878,158
27.7,36.0730327,-79.77608093,159
27.8,36.07303299,-79.77608297,160
27.9,36.07303342,-79.77608491,160
28,36.073034,-79.77608679,161
28.1,36.07303479,-79.7760886,162
28.2,36.07303573,-79.77609032,162
28.3,36.07303682,-79.77609196,163
28.4,36.07303805,-79.77609349,163
28.5,36.07303941,-79.7760949,163
28.6,36.07304087,-79.77609617,163
28.7,36.0730424,-79.77609737,163
28.8,36.07304397,-79.77609852,162
28.9,36.07304558,-79.77609965,162
29,36.07304721,-79.77610077,161
29.1,36.07304885,-79.77610189,152
29.2,36.07305046,-79.77610299,151
29.3,36.07305205,-79.77610402,150
29.4,36.07305362,-79.77610495,148
29.5,36.07305517,-79.77610574,147
29.6,36.07305673,-79.7761063,145
29.7,36.07305831,-79.77610665,145
29.8,36.07305992,-79.77610678,144
29.9,36.07306158,-79.77610673,144
30,36.0730633,-79.77610652,144
30.1,36.07306507,-79.77610623,145
30.2,36.07306688,-79.77610599,146
30.3,36.07306871,-79.77610585,146
30.4,36.07307057,-79.77610584,148
30.5,36.07307247,-79.77610602,149
30.6,36.0730744,-79.77610638,150
30.7,36.07307637,-79.7761068,151
30.8,36.07307836,-79.77610722,164
30.9,36.07308037,-79.77610758,164
31,36.0730824,-79.77610781,164
31.1,36.07308444,-79.77610783,164
31.2,36.07308648,-79.77610769,163
31.3,36.07308854,-79.77610741,162
31.4,36.07309061,-79.77610699,161
31.5,36.0730927,-79.77610649,160
31.6,36.0730948,-79.7761059,159
31.7,36.07309692,-79.77610526,158
31.8,36.07309903,-79.77610459,157
31.9,36.07310114,-79.77610387,155
32,36.07310322,-79.77610309,152
32.1,36.07310526,-79.77610225,150
32.2,36.07310726,-79.77610136,148
32.3,36.07310922,-79.77610041,147
32.4,36.07311115,-79.77609942,146
32.5,36.07311305,-79.77609837,148
32.6,36.07311492,-79.77609726,149
32.7,36.07311677,-79.77609609,150
32.8,36.07311861,-79.77609488,151
32.9,36.07312043,-79.77609361,152
33,36.07312222,-79.77609229,154
33.1,36.07312398,-79.77609091,156
33.2,36.0731257,-79.7760895,158
33.3,36.07312738,-79.77608806,159
33.4,36.07312902,-79.77608658,160
33.5,36.07313062,-79.77608505,162
33.6,36.07313219,-79.77608347,162
33.7,36.07313373,-79.77608183,162
33.8,36.07313524,-79.77608011,162
33.9,36.07313672,-79.77607831,163
34,36.07313817,-79.77607643,163
34.1,36.07313957,-79.77607446,162
34.2,36.07314093,-79.77607241,156
34.3,36.07314225,-79.77607032,154
34.4,36.07314355,-79.77606819,153
34.5,36.07314483,-79.77606605,151
34.6,36.07314608,-79.77606388,150
34.7,36.07314731,-79.77606169,149
34.8,36.07314854,-79.77605949,148
34.9,36.07314975,-79.77605728,147
35,36.07315094,-79.77605505,146
35.1,36.07315213,-79.77605281,145
35.2,36.07315331,-79.77605056,145
35.3,36.07315447,-79.77604831,145
35.4,36.07315562,-79.77604604,144
35.5,36.07315676,-79.77604377,144
35.6,36.07315789,-79.77604149,145
35.7,36.07315901,-79.77603919,146
35.8,36.07316012,-79.77603686,146
35.9,36.07316121,-79.77603449,159
36,36.0731623,-79.77603207,159
36.1,36.07316338,-79.77602958,160
36.2,36.07316445,-79.77602705,160
36.3,36.07316551,-79.77602447,161
36.4,36.07316656,-79.77602188,161
36.5,36.07316758,-79.77601927,161
36.6,36.07316859,-79.77601668,161
36.7,36.07316958,-79.77601413,162
36.8,36.07317054,-79.77601163,162
36.9,36.0731715,-79.77600918,161
37,36.07317244,-79.77600675,161
37.1,36.07317337,-79.77600434,161
37.2,36.0731743,-79.7760019,160
37.3,36.07317523,-79.77599944,159
37.4,36.07317617,-79.77599693,158
37.5,36.0731771,-79.77599438,158
37.6,36.07317803,-79.7759918,146
37.7,36.07317895,-79.77598925,146
37.8,36.07317987,-79.77598672,146
37.9,36.0731808,-79.77598424,146
38,36.07318173,-79.77598181,148
38.1,36.07318269,-79.77597941,149
38.2,36.07318367,-79.77597701,150
38.3,36.07318468,-79.77597458,150
38.4,36.07318572,-79.77597208,151
38.5,36.07318678,-79.7759695,152
38.6,36.07318785,-79.77596682,153
38.7,36.07318892,-79.77596408,154
38.8,36.07318998,-79.77596132,156
38.9,36.07319101,-79.77595855,157
39,36.07319202,-79.77595579,159
39.1,36.07319301,-79.77595308,160
39.2,36.07319399,-79.77595038,160
39.3,36.07319496,-79.77594769,160
39.4,36.07319594,-79.77594499,160
39.5,36.07319692,-79.77594226,160
39.6,36.07319792,-79.77593948,160
39.7,36.07319892,-79.77593663,159
39.8,36.07319993,-79.77593374,158
39.9,36.07320095,-79.7759308,158
40,36.07320198,-79.77592783,157
40.1,36.07320302,-79.77592484,157
40.2,36.07320406,-79.77592185,156
40.3,36.0732051,-79.77591889,155
40.4,36.07320616,-79.77591595,154
40.5,36.07320721,-79.77591304,152
40.6,36.07320827,-79.77591016,152
40.7,36.07320933,-79.7759073,150
40.8,36.07321038,-79.77590445,150
40.9,36.07321142,-79.7759016,149
41,36.07321246,-79.77589875,149
41.1,36.07321349,-79.77589587,149
41.2,36.07321452,-79.77589297,149
41.3,36.07321554,-79.77589004,149
41.4,36.07321657,-79.77588708,149
41.5,36.0732176,-79.77588407,149
41.6,36.07321863,-79.77588103,149
41.7,36.07321966,-79.77587797,149
41.8,36.07322069,-79.7758749,149
41.9,36.07322171,-79.77587182,149
42,36.07322274,-79.77586877,149
42.1,36.07322377,-79.77586575,149
42.2,36.07322481,-79.77586277,149
42.3,36.07322586,-79.77585982,149
42.4,36.07322692,-79.77585689,149
42.5,36.07322798,-79.77585399,149
42.6,36.07322903,-79.77585113,149
42.7,36.07323008,-79.77584827,149
42.8,36.07323111,-79.77584541,149
42.9,36.07323212,-79.77584256,149
43,36.07323311,-79.77583975,149
43.1,36.07323409,-79.77583699,149
43.2,36.07323508,-79.77583428,149
43.3,36.07323607,-79.77583163,149
43.4,36.07323707,-79.77582905,149
43.5,36.0732381,-79.77582657,149
43.6,36.07323915,-79.77582418,149
43.7,36.07324022,-79.77582187,149
43.8,36.0732413,-79.77581961,149
43.9,36.0732424,-79.77581737,149
44,36.0732435,-79.77581514,149
44.1,36.07324462,-79.77581287,149
44.2,36.07324574,-79.77581051,149
44.3,36.07324688,-79.77580807,149
44.4,36.07324804,-79.77580556,149
44.5,36.07324922,-79.77580299,149
44.6,36.07325043,-79.77580036,149
44.7,36.07325167,-79.77579771,149
44.8,36.07325291,-79.77579504,149
44.9,36.07325417,-79.77579238,149
45,36.07325546,-79.7757897,149
45.1,36.07325675,-79.77578703,149
45.2,36.07325806,-79.77578436,149
45.3,36.07325938,-79.77578171,149
45.4,36.0732607,-79.77577907,149
45.5,36.07326202,-79.77577643,149
45.6,36.07326333,-79.77577381,149
45.7,36.07326459,-79.77577115,149
45.8,36.07326582,-79.77576848,149
45.9,36.07326701,-79.77576578,149
46,36.07326816,-79.77576306,149
46.1,36.07326928,-79.77576032,149
46.2,36.07327037,-79.77575758,149
46.3,36.07327144,-79.77575483,149
46.4,36.0732725,-79.77575208,149
46.5,36.07327355,-79.7757493,149
46.6,36.07327459,-79.7757465,149
46.7,36.07327562,-79.77574367,149
46.8,36.07327665,-79.77574082,149
46.9,36.07327766,-79.77573793,149
47,36.07327866,-79.77573502,149
47.1,36.07327964,-79.77573207,149
47.2,36.0732806,-79.77572912,149
47.3,36.07328156,-79.77572615,149
47.4,36.0732825,-79.77572317,149
47.5,36.07328344,-79.77572017,149
47.6,36.07328438,-79.77571715,149
47.7,36.07328532,-79.77571411,149
47.8,36.07328627,-79.77571105,149
47.9,36.07328722,-79.77570796,149
48,36.07328819,-79.77570484,149
48.1,36.07328918,-79.77570169,149
48.2,36.07329019,-79.77569852,149
48.3,36.07329123,-79.77569534,149
48.4,36.07329228,-79.77569214,149
48.5,36.07329336,-79.77568893,149
48.6,36.07329446,-79.77568571,149
48.7,36.07329558,-79.7756825,149
48.8,36.0732967,-79.77567928,149
48.9,36.07329783,-79.77567607,149
49,36.07329897,-79.77567287,149
49.1,36.0733001,-79.77566969,149
49.2,36.07330125,-79.77566651,149
49.3,36.07330241,-79.77566335,149
49.4,36.07330358,-79.7756602,149
49.5,36.07330477,-79.77565707,149
49.6,36.07330599,-79.77565397,149
49.7,36.07330723,-79.77565088,149
49.8,36.07330849,-79.77564781,149
49.9,36.07330978,-79.77564476,149
50,36.07331108,-79.77564173,149
50.1,36.07331241,-79.77563872,149
50.2,36.07331376,-79.77563572,149
50.3,36.07331512,-79.77563272,149
50.4,36.0733165,-79.77562973,149
50.5,36.07331788,-79.77562673,149
50.6,36.07331929,-79.77562374,149
50.7,36.0733207,-79.77562076,149
50.8,36.07332213,-79.77561778,149
50.9,36.07332358,-79.7756148,149
51,36.07332504,-79.77561183,149
51.1,36.07332653,-79.77560886,149
51.2,36.07332804,-79.77560587,149
51.3,36.07332958,-79.77560287,149
51.4,36.07333114,-79.77559985,149
51.5,36.07333273,-79.77559682,149
51.6,36.07333436,-79.77559378,149
51.7,36.07333602,-79.77559075,149
51.8,36.07333773,-79.77558773,149
51.9,36.07333932,-79.775585,149
52,36.07334022,-79.77558353,149
52.1,36.07334112,-79.77558206,149
52.2,36.07334203,-79.77558061,149
52.3,36.07334296,-79.77557916,149
52.4,36.07334445,-79.77557691,149
52.5,36.0733487,-79.77557088,149
52.6,36.07335253,-79.77556585,149
52.7,36.07335525,-79.77556247,149
52.8,36.07335742,-79.77555985,149
52.9,36.07335964,-79.77555728,149
53,36.07336191,-79.77555477,149
53.1,36.07336424,-79.77555232,149
53.2,36.07336662,-79.77554994,149
53.3,36.07336906,-79.77554762,149
53.4,36.07337156,-79.77554537,149
53.5,36.07337413,-79.7755432,149
53.6,36.07337676,-79.77554109,149
53.7,36.07337944,-79.77553904,149
53.8,36.07338217,-79.77553704,149
53.9,36.07338495,-79.77553509,149
54,36.07338779,-79.7755332,149
54.1,36.0733907,-79.77553138,149
54.2,36.07339366,-79.77552963,149
54.3,36.07339667,-79.77552795,149
54.4,36.07339972,-79.77552635,149
54.5,36.07340282,-79.77552483,149
54.6,36.07340596,-79.7755234,149
54.7,36.07340916,-79.77552205,149
54.8,36.07341237,-79.77552075,149
54.9,36.0734156,-79.77551947,149
55,36.0734189,-79.77551831,149
55.1,36.07342219,-79.77551716,149
55.2,36.07342553,-79.77551606,149
55.3,36.07342891,-79.77551501,149
55.4,36.07343233,-79.77551399,149
55.5,36.07343577,-79.77551301,149
55.6,36.07343926,-79.77551206,149
55.7,36.07344276,-79.77551112,149
55.8,36.07344627,-79.77551019,149
55.9,36.0734498,-79.77550928,149
56,36.07345334,-79.77550838,149
56.1,36.07345688,-79.77550749,149
56.2,36.07346042,-79.77550662,149
56.3,36.07346397,-79.77550575,149
56.4,36.07346753,-79.77550488,149
56.5,36.07347111,-79.77550401,149
56.6,36.0734747,-79.77550313,149
56.7,36.07347831,-79.77550225,149
56.8,36.07348193,-79.77550136,149
56.9,36.07348557,-79.77550048,149
57,36.07348922,-79.7754996,149
57.1,36.07349286,-79.77549873,149
57.2,36.0734965,-79.77549786,149
57.3,36.07350013,-79.77549701,149
57.4,36.07350374,-79.77549615,149
57.5,36.07350733,-79.77549528,149
57.6,36.0735109,-79.7754944,149
57.7,36.07351445,-79.77549349,149
57.8,36.07351799,-79.77549256,149
57.9,36.07352152,-79.7754916,149
58,36.07352503,-79.77549061,149
58.1,36.07352854,-79.7754896,149
58.2,36.07353204,-79.77548857,149
58.3,36.07353553,-79.77548752,149
58.4,36.07353902,-79.77548645,149
58.5,36.07354251,-79.77548535,149
58.6,36.07354598,-79.77548423,149
58.7,36.07354945,-79.7754831,149
58.8,36.0735529,-79.77548196,149
58.9,36.07355634,-79.77548084,149
59,36.07355977,-79.77547973,149
59.1,36.07356319,-79.77547865,149
59.2,36.0735666,-79.77547758,149
59.3,36.07357,-79.77547654,149
59.4,36.07357339,-79.7754755,149
59.5,36.07357677,-79.77547445,149
59.6,36.07358013,-79.77547339,149
59.7,36.07358346,-79.77547232,149
59.8,36.07358677,-79.77547123,149
59.9,36.07359006,-79.77547013,149
60,36.0735933,-79.77546902,149
60.1,36.07359651,-79.77546791,149
60.2,36.07359969,-79.77546679,149
60.3,36.07360283,-79.77546567,149
60.4,36.07360595,-79.77546454,149
60.5,36.07360903,-79.7754634,149
60.6,36.07361208,-79.77546225,149
60.7,36.07361512,-79.77546109,149
60.8,36.07361814,-79.77545993,149
60.9,36.07362116,-79.77545878,149
61,36.07362416,-79.77545764,149
61.1,36.07362714,-79.77545652,149
61.2,36.0736301,-79.77545543,149
61.3,36.07363303,-79.77545436,149
61.4,36.07363592,-79.77545333,149
61.5,36.07363875,-79.77545233,149
61.6,36.07364151,-79.77545137,149
61.7,36.07364419,-79.77545045,149
61.8,36.0736468,-79.77544955,149
61.9,36.07364932,-79.77544869,149
62,36.07365174,-79.77544786,149
62.1,36.07365406,-79.77544705,149
62.2,36.07365632,-79.77544625,149
62.3,36.07365854,-79.77544544,149
62.4,36.07366075,-79.77544461,149
62.5,36.07366299,-79.77544373,149
62.6,36.0736653,-79.77544279,149
62.7,36.07366771,-79.77544178,149
62.8,36.0736702,-79.77544072,149
62.9,36.07367279,-79.77543961,149
63,36.07367545,-79.77543846,149
63.1,36.07367817,-79.77543728,149
63.2,36.0736809,-79.7754361,149
63.3,36.07368362,-79.77543493,149
63.4,36.07368633,-79.77543375,149
63.5,36.07368901,-79.77543258,149
63.6,36.07369165,-79.77543141,149
63.7,36.07369425,-79.77543025,149
63.8,36.07369684,-79.7754291,149
63.9,36.0736994,-79.77542797,149
64,36.07370195,-79.77542686,149
64.1,36.07370449,-79.7754258,149
64.2,36.07370702,-79.77542478,149
64.3,36.07370955,-79.77542379,149
64.4,36.07371208,-79.77542282,149
64.5,36.07371459,-79.77542182,149
64.6,36.07371709,-79.77542082,149
64.7,36.07371958,-79.77541979,149
64.8,36.07372205,-79.77541873,149
64.9,36.07372453,-79.77541766,149
65,36.07372698,-79.77541653,149
65.1,36.07372942,-79.77541539,149
65.2,36.07373186,-79.77541421,149
65.3,36.07373428,-79.77541298,149
65.4,36.07373669,-79.77541171,149
65.5,36.0737391,-79.77541041,149
65.6,36.0737415,-79.77540908,149
65.7,36.0737439,-79.77540775,149
65.8,36.07374632,-79.77540644,149
65.9,36.07374874,-79.77540515,149
66,36.07375118,-79.7754039,149
66.1,36.07375364,-79.77540269,149
66.2,36.07375612,-79.77540152,149
66.3,36.07375861,-79.77540039,149
66.4,36.07376112,-79.77539929,149
66.5,36.07376364,-79.77539823,149
66.6,36.07376619,-79.77539723,149
66.7,36.07376874,-79.77539626,149
66.8,36.07377132,-79.77539534,149
66.9,36.0737739,-79.77539448,149
67,36.0737765,-79.77539369,149
67.1,36.07377912,-79.77539299,149
67.2,36.07378175,-79.77539236,149
67.3,36.07378438,-79.77539182,149
67.4,36.07378701,-79.77539135,149
67.5,36.07378966,-79.77539094,149
67.6,36.07379229,-79.7753906,149
67.7,36.07379491,-79.77539028,149
67.8,36.07379751,-79.77538999,149
67.9,36.07380008,-79.77538971,149
68,36.07380263,-79.77538942,149
68.1,36.07380515,-79.77538913,149
68.2,36.07380765,-79.77538882,149
68.3,36.07381013,-79.7753885,149
68.4,36.07381261,-79.77538816,149
68.5,36.07381508,-79.7753878,149
68.6,36.07381755,-79.77538742,149
68.7,36.07382003,-79.77538703,149
68.8,36.07382252,-79.77538663,149
68.9,36.07382504,-79.77538624,149
69,36.07382758,-79.77538586,149
69.1,36.07383016,-79.7753855,149
69.2,36.07383278,-79.77538516,149
69.3,36.07383543,-79.77538484,149
69.4,36.07383811,-79.77538454,149
69.5,36.07384081,-79.77538426,149
69.6,36.07384354,-79.775384,149
69.7,36.07384628,-79.77538374,149
69.8,36.07384903,-79.77538349,149
69.9,36.07385179,-79.77538324,149
70,36.07385456,-79.77538299,149
70.1,36.07385732,-79.77538273,149
70.2,36.0738601,-79.77538248,149
70.3,36.07386288,-79.77538221,149
70.4,36.07386567,-79.77538194,149
70.5,36.07386846,-79.77538167,149
70.6,36.07387126,-79.77538139,149
70.7,36.07387404,-79.77538112,149
70.8,36.07387682,-79.77538084,149
70.9,36.07387959,-79.77538057,149
71,36.07388236,-79.7753803,149
71.1,36.07388511,-79.77538003,149
71.2,36.07388787,-79.77537975,149
71.3,36.07389063,-79.77537947,149
71.4,36.0738934,-79.77537918,149
71.5,36.07389617,-79.77537888,149
71.6,36.07389895,-79.77537856,149
71.7,36.07390173,-79.77537823,149
71.8,36.07390451,-79.77537788,149
71.9,36.07390728,-79.77537753,149
72,36.07391005,-79.77537716,149
72.1,36.07391283,-79.77537678,149
72.2,36.07391562,-79.7753764,149
72.3,36.07391842,-79.77537601,149
72.4,36.07392124,-79.77537562,149
72.5,36.07392407,-79.77537522,149
72.6,36.07392692,-79.77537481,149
72.7,36.07392977,-79.7753744,149
72.8,36.07393262,-79.77537399,149
72.9,36.07393545,-79.77537358,149
73,36.07393828,-79.77537318,149
73.1,36.07394109,-79.77537278,149
73.2,36.07394388,-79.77537239,149
73.3,36.07394666,-79.77537201,149
73.4,36.07394943,-79.77537164,149
73.5,36.07395219,-79.77537128,149
73.6,36.07395493,-79.77537093,149
73.7,36.07395768,-79.77537059,149
73.8,36.07396041,-79.77537027,149
73.9,36.07396315,-79.77536995,149
74,36.07396588,-79.77536964,149
74.1,36.0739686,-79.77536932,149
74.2,36.07397132,-79.775369,149
74.3,36.07397403,-79.77536866,149
74.4,36.07397675,-79.7753683,149
74.5,36.07397948,-79.77536793,149
74.6,36.07398221,-79.77536754,149
74.7,36.07398497,-79.77536714,149
74.8,36.07398773,-79.77536673,149
74.9,36.0739905,-79.77536633,149
75,36.07399329,-79.77536592,149
75.1,36.07399608,-79.77536551,149
75.2,36.07399888,-79.7753651,149
75.3,36.0740017,-79.77536471,149
75.4,36.07400451,-79.77536433,149
75.5,36.07400734,-79.77536395,149
75.6,36.07401016,-79.7753636,149
75.7,36.07401297,-79.77536325,149
75.8,36.07401578,-79.77536289,149
75.9,36.07401858,-79.77536253,149
76,36.07402136,-79.77536216,149
76.1,36.07402412,-79.77536178,149
76.2,36.07402687,-79.7753614,149
76.3,36.07402958,-79.77536103,149
76.4,36.07403228,-79.77536067,149
76.5,36.07403495,-79.77536033,149
76.6,36.0740376,-79.77536002,149
76.7,36.07404025,-79.77535971,149
76.8,36.07404291,-79.77535941,149
76.9,36.07404556,-79.7753591,149
77,36.07404823,-79.77535878,149
77.1,36.0740509,-79.77535845,149
77.2,36.07405356,-79.77535811,149
77.3,36.07405622,-79.77535777,149
77.4,36.07405887,-79.77535743,149
77.5,36.0740615,-79.77535711,149
77.6,36.07406412,-79.77535681,149
77.7,36.07406672,-79.77535652,149
77.8,36.07406931,-79.77535624,149
77.9,36.0740719,-79.77535596,149
78,36.07407449,-79.77535567,149
78.1,36.07407709,-79.77535535,149
78.2,36.0740797,-79.77535502,149
78.3,36.07408233,-79.77535466,149
78.4,36.07408496,-79.77535429,149
78.5,36.07408759,-79.77535389,149
78.6,36.07409021,-79.77535348,149
78.7,36.07409282,-79.77535305,149
78.8,36.07409543,-79.77535262,149
78.9,36.07409802,-79.77535217,149
79,36.07410061,-79.77535172,149
79.1,36.07410318,-79.77535127,149
79.2,36.07410576,-79.77535082,149
79.3,36.07410833,-79.77535039,149
79.4,36.0741109,-79.77534996,149
79.5,36.07411347,-79.77534954,149
79.6,36.07411604,-79.77534911,149
79.7,36.07411862,-79.77534865,149
79.8,36.07412118,-79.77534816,149
79.9,36.07412374,-79.77534763,149
80,36.07412632,-79.77534704,149
80.1,36.0741289,-79.77534638,149
80.2,36.07413147,-79.77534567,149
80.3,36.07413404,-79.7753449,149
80.4,36.07413661,-79.77534408,149
80.5,36.07413918,-79.77534322,149
80.6,36.07414174,-79.77534234,149
80.7,36.0741443,-79.77534145,149
80.8,36.07414686,-79.77534058,149
80.9,36.07414942,-79.77533973,149
81,36.07415198,-79.77533893,149
81.1,36.07415454,-79.7753382,149
81.2,36.07415711,-79.77533752,149
81.3,36.07415968,-79.77533689,149
81.4,36.07416226,-79.7753363,149
81.5,36.07416483,-79.77533574,149
81.6,36.07416741,-79.77533519,149
81.7,36.07417,-79.77533465,149
81.8,36.07417259,-79.77533409,149
81.9,36.07417518,-79.77533354,149
82,36.07417778,-79.77533299,149
82.1,36.07418038,-79.77533246,149
82.2,36.07418299,-79.77533196,149
82.3,36.0741856,-79.7753315,149
82.4,36.07418822,-79.77533109,149
82.5,36.07419084,-79.77533073,149
82.6,36.07419345,-79.7753304,149
82.7,36.07419607,-79.77533007,149
82.8,36.07419869,-79.77532972,149
82.9,36.07420132,-79.77532931,149
83,36.07420396,-79.77532883,149
83.1,36.07420661,-79.77532824,149
83.2,36.07420928,-79.77532756,149
83.3,36.07421197,-79.77532681,149
83.4,36.07421468,-79.775326,149
83.5,36.0742174,-79.77532518,149
83.6,36.07422013,-79.77532439,149
83.7,36.07422287,-79.77532365,149
83.8,36.07422562,-79.77532297,149
83.9,36.07422836,-79.77532236,149
84,36.07423109,-79.77532183,149
84.1,36.07423383,-79.77532136,149
84.2,36.07423656,-79.77532091,149
84.3,36.07423929,-79.77532047,149
84.4,36.07424204,-79.77532002,149
84.5,36.07424479,-79.77531957,149
84.6,36.07424754,-79.77531911,149
84.7,36.0742503,-79.77531866,149
84.8,36.07425307,-79.77531821,149
84.9,36.07425583,-79.77531778,149
85,36.07425859,-79.77531736,149
85.1,36.07426136,-79.77531695,149
85.2,36.07426412,-79.77531656,149
85.3,36.07426687,-79.77531619,149
85.4,36.07426962,-79.77531583,149
85.5,36.07427236,-79.77531548,149
85.6,36.0742751,-79.77531512,149
85.7,36.07427783,-79.77531471,149
85.8,36.07428056,-79.77531427,149
85.9,36.07428328,-79.77531379,149
86,36.074286,-79.7753133,149
86.1,36.07428872,-79.77531282,149
86.2,36.07429142,-79.77531237,149
86.3,36.07429412,-79.77531198,149
86.4,36.07429681,-79.77531164,149
86.5,36.0742995,-79.77531136,149
86.6,36.0743022,-79.77531114,149
86.7,36.0743049,-79.77531095,149
86.8,36.07430762,-79.77531079,149
86.9,36.07431034,-79.77531066,149
87,36.07431308,-79.77531054,149
87.1,36.07431582,-79.77531044,149
87.2,36.07431855,-79.77531036,149
87.3,36.07432129,-79.7753103,149
87.4,36.07432401,-79.77531026,149
87.5,36.07432674,-79.77531025,149
87.6,36.07432946,-79.77531028,149
87.7,36.07433218,-79.77531034,149
87.8,36.07433491,-79.77531041,149
87.9,36.07433765,-79.7753105,149
88,36.07434039,-79.77531059,149
88.1,36.07434313,-79.77531066,149
88.2,36.07434587,-79.77531073,149
88.3,36.0743486,-79.77531077,149
88.4,36.07435134,-79.77531081,149
88.5,36.07435407,-79.77531083,149
88.6,36.0743568,-79.77531083,149
88.7,36.07435953,-79.77531083,149
88.8,36.07436225,-79.7753108,149
88.9,36.07436497,-79.77531076,149
89,36.07436767,-79.77531067,149
89.1,36.07437035,-79.77531053,149
89.2,36.07437301,-79.77531032,149
89.3,36.07437564,-79.77531005,149
89.4,36.07437824,-79.7753097,149
89.5,36.0743808,-79.77530924,149
89.6,36.07438331,-79.77530867,149
89.7,36.07438577,-79.775308,149
89.8,36.0743882,-79.77530722,149
89.9,36.07439059,-79.77530636,149
90,36.07439294,-79.77530539,149
90.1,36.07439527,-79.77530433,149
90.2,36.07439758,-79.7753032,149
90.3,36.07439989,-79.77530201,149
90.4,36.07440219,-79.77530075,149
90.5,36.07440448,-79.77529942,149
90.6,36.07440676,-79.775298,149
90.7,36.07440902,-79.77529649,149
90.8,36.07441124,-79.77529489,149
90.9,36.07441342,-79.7752932,149
91,36.07441554,-79.77529142,149
91.1,36.0744176,-79.77528954,149
91.2,36.07441959,-79.7752876,149
91.3,36.07442154,-79.77528561,149
91.4,36.07442346,-79.77528356,149
91.5,36.07442535,-79.77528147,149
91.6,36.07442722,-79.77527932,149
91.7,36.07442907,-79.77527714,149
91.8,36.07443088,-79.77527491,149
91.9,36.07443263,-79.77527266,149
92,36.07443428,-79.77527038,149
92.1,36.07443579,-79.77526812,149
92.2,36.07443719,-79.77526588,149
92.3,36.07443848,-79.77526369,149
92.4,36.07443967,-79.77526156,149
92.5,36.07444078,-79.77525954,149
92.6,36.07444183,-79.77525764,149
92.7,36.07444285,-79.77525583,149
92.8,36.07444385,-79.77525409,149
92.9,36.07444482,-79.77525238,149
93,36.07444574,-79.77525063,149
93.1,36.0744466,-79.77524877,149
93.2,36.07444738,-79.77524674,149
93.3,36.0744481,-79.77524453,149
93.4,36.07444873,-79.77524213,149
93.5,36.0744493,-79.77523952,149
93.6,36.07444979,-79.77523676,149
93.7,36.07445026,-79.77523393,149
93.8,36.07445069,-79.77523108,149
93.9,36.0744511,-79.77522827,149
94,36.07445151,-79.77522554,149
94.1,36.07445188,-79.77522293,149
94.2,36.07445223,-79.77522044,149
94.3,36.07445252,-79.77521805,149
94.4,36.07445272,-79.77521572,149
94.5,36.07445283,-79.77521341,149
94.6,36.07445282,-79.77521114,149
94.7,36.07445269,-79.77520885,149
94.8,36.0744525,-79.77520652,149
94.9,36.07445229,-79.77520419,149
95,36.07445192,-79.77520175,149
95.1,36.07445154,-79.7751993,149
95.2,36.0744511,-79.77519677,149
95.3,36.0744506,-79.77519412,149
95.4,36.0744501,-79.77519134,149
95.5,36.07444956,-79.77518845,149
95.6,36.07444906,-79.77518539,149
95.7,36.07444862,-79.7751823,149
95.8,36.07444822,-79.77517922,149
95.9,36.07444786,-79.77517618,149
96,36.07444752,-79.77517327,149
96.1,36.07444717,-79.77517051,149
96.2,36.07444681,-79.77516786,149
96.3,36.07444641,-79.77516531,149
96.4,36.07444598,-79.77516283,149
96.5,36.07444551,-79.77516043,149
96.6,36.07444499,-79.77515806,149
96.7,36.07444443,-79.77515571,149
96.8,36.07444384,-79.77515334,149
96.9,36.07444321,-79.77515095,149
97,36.07444255,-79.77514847,149
97.1,36.07444188,-79.77514586,149
97.2,36.07444122,-79.7751431,149
97.3,36.07444057,-79.77514017,149
97.4,36.07443995,-79.77513709,149
97.5,36.07443936,-79.77513385,149
97.6,36.07443881,-79.77513051,149
97.7,36.07443828,-79.77512711,149
97.8,36.07443777,-79.77512367,149
97.9,36.07443727,-79.7751202,149
98,36.07443679,-79.77511668,149
98.1,36.07443631,-79.77511311,149
98.2,36.07443586,-79.7751095,149
98.3,36.07443542,-79.77510588,149
98.4,36.07443501,-79.77510227,149
98.5,36.07443464,-79.77509876,149
98.6,36.07443431,-79.7750954,149
98.7,36.07443402,-79.7750922,149
98.8,36.07443376,-79.77508916,149
98.9,36.07443352,-79.77508624,149
99,36.0744333,-79.77508342,149
99.1,36.07443309,-79.7750806,149
99.2,36.07443288,-79.77507771,149
99.3,36.07443268,-79.77507473,149
99.4,36.07443247,-79.77507161,149
99.5,36.07443226,-79.77506835,149
99.6,36.07443204,-79.77506495,149
99.7,36.0744318,-79.77506148,149
99.8,36.07443156,-79.77505796,149
99.9,36.07443131,-79.7750544,149
100,36.07443107,-79.77505084,149
100.1,36.07443084,-79.77504729,149
100.2,36.07443064,-79.77504375,149
100.3,36.07443047,-79.77504021,149
100.4,36.07443032,-79.77503668,149
100.5,36.07443021,-79.77503317,149
100.6,36.07443013,-79.77502967,149
100.7,36.07443007,-79.7750262,149
100.8,36.07443002,-79.77502278,149
100.9,36.07442998,-79.77501941,149
101,36.07442997,-79.77501612,149
101.1,36.07443,-79.77501295,149
101.2,36.07443008,-79.77500989,149
101.3,36.07443021,-79.77500696,149
101.4,36.0744304,-79.77500417,149
101.5,36.0744307,-79.77500152,149
101.6,36.07443112,-79.77499902,149
101.7,36.07443162,-79.7749966,149
101.8,36.07443221,-79.77499425,149
101.9,36.07443288,-79.77499196,149
102,36.07443364,-79.77498969,149
102.1,36.07443448,-79.77498744,149
102.2,36.07443538,-79.77498522,149
102.3,36.07443633,-79.77498305,149
102.4,36.07443735,-79.77498093,149
102.5,36.07443844,-79.77497889,149
102.6,36.07443961,-79.77497697,149
102.7,36.07444084,-79.77497514,149
102.8,36.07444214,-79.77497342,149
102.9,36.07444351,-79.7749718,149
103,36.07444493,-79.77497029,149
103.1,36.07444641,-79.77496886,149
103.2,36.07444792,-79.77496749,149
103.3,36.07444944,-79.77496617,149
103.4,36.07445094,-79.77496488,149
103.5,36.07445241,-79.77496358,149
103.6,36.07445378,-79.77496227,149
103.7,36.07445507,-79.77496096,149
103.8,36.07445625,-79.77495967,149
103.9,36.0744573,-79.7749584,149
104,36.07445822,-79.7749572,149
104.1,36.07445908,-79.77495601,149
104.2,36.07445989,-79.77495484,149
104.3,36.07446077,-79.77495357,149
104.4,36.07446184,-79.77495206,149
104.5,36.0744632,-79.77495024,149
104.6,36.07446481,-79.77494811,149
104.7,36.07446679,-79.77494563,149
104.8,36.07446898,-79.77494297,149
104.9,36.07447125,-79.77494024,149
105,36.07447409,-79.77493705,149
105.1,36.07447694,-79.77493386,149
105.2,36.07448009,-79.7749305,149
105.3,36.07448352,-79.77492701,149
105.4,36.07448715,-79.77492348,149
105.5,36.07449104,-79.77491986,149
105.6,36.07449512,-79.77491629,149
105.7,36.07449934,-79.7749126,149
105.8,36.07450369,-79.77490874,149
105.9,36.07450816,-79.77490464,149
106,36.07451273,-79.7749002,149
106.1,36.07451735,-79.77489532,149
106.2,36.07452195,-79.77489007,149
106.3,36.07452651,-79.77488443,149
106.4,36.07453099,-79.77487841,149
106.5,36.0745353,-79.77487199,149
106.6,36.07453941,-79.77486518,149
106.7,36.07454332,-79.77485806,149
106.8,36.07454704,-79.77485064,149
106.9,36.07455054,-79.77484292,149
107,36.07455381,-79.77483484,149
107.1,36.07455683,-79.77482639,149
107.2,36.07455967,-79.77481757,149
107.3,36.07456232,-79.77480838,149
107.4,36.07456478,-79.77479882,149
107.5,36.07456703,-79.77478885,149
107.6,36.07456907,-79.77477851,149
107.7,36.07457095,-79.77476793,149
107.8,36.07457266,-79.77475715,149
107.9,36.07457421,-79.77474621,149
108,36.0745756,-79.77473517,149
108.1,36.07457683,-79.77472409,149
108.2,36.07457795,-79.77471297,149
108.3,36.07457899,-79.77470184,149
108.4,36.07457998,-79.77469069,149
108.5,36.07458096,-79.77467956,149
108.6,36.07458201,-79.77466845,149
108.7,36.07458321,-79.77465738,149
108.8,36.0745846,-79.77464636,149
108.9,36.07458626,-79.7746354,149
109,36.07458832,-79.77462456,149
109.1,36.07459083,-79.77461387,149
109.2,36.07459376,-79.77460331,149
109.3,36.07459711,-79.77459293,149
109.4,36.07460089,-79.77458275,149
109.5,36.07460513,-79.77457285,149
109.6,36.07460981,-79.77456329,149
109.7,36.07461483,-79.77455406,149
109.8,36.07462018,-79.77454519,149
109.9,36.07462584,-79.77453667,149
110,36.07463185,-79.77452862,149
110.1,36.07463818,-79.77452097,149
110.2,36.07464477,-79.77451365,149
110.3,36.0746516,-79.7745066,149
110.4,36.07465866,-79.7744998,149
110.5,36.07466594,-79.77449323,149
110.6,36.07467342,-79.77448686,149
110.7,36.07468103,-79.77448067,149
110.8,36.07468877,-79.77447468,149
110.9,36.07469663,-79.77446893,149
111,36.07470461,-79.77446354,149
111.1,36.07471271,-79.7744586,149
111.2,36.07472089,-79.77445413,149
111.3,36.07472914,-79.77445018,149
111.4,36.07473744,-79.77444678,149
111.5,36.07474574,-79.77444407,149
111.6,36.074754,-79.77444203,149
111.7,36.07476218,-79.77444055,149
111.8,36.07477024,-79.7744396,149
111.9,36.0747777,-79.77443917,149
112,36.07478154,-79.77443925,149
112.1,36.07478539,-79.77443933,149
112.2,36.07478914,-79.77443963,149
112.3,36.07479284,-79.77444006,149
112.4,36.07479795,-79.77444088,149
112.5,36.07481298,-79.77444559,149
112.6,36.07482439,-79.77445252,149
112.7,36.07483188,-79.77445887,149
112.8,36.07483717,-79.77446436,149
112.9,36.0748421,-79.77447033,149
113,36.07484657,-79.77447668,149
113.1,36.07485057,-79.7744833,149
113.2,36.07485411,-79.77449007,149
113.3,36.07485718,-79.77449697,149
113.4,36.07485977,-79.77450398,149
113.5,36.07486177,-79.77451107,149
113.6,36.07486318,-79.77451821,149
113.7,36.07486408,-79.77452533,149
113.8,36.07486447,-79.77453242,149
113.9,36.07486435,-79.77453945,149
114,36.07486364,-79.77454631,149
114.1,36.07486238,-79.77455297,149
114.2,36.07486063,-79.77455944,149
114.3,36.07485845,-79.77456567,149
114.4,36.07485589,-79.77457162,149
114.5,36.07485297,-79.77457718,149
114.6,36.07484964,-79.7745824,149
114.7,36.07484593,-79.77458715,149
114.8,36.07484202,-79.77459164,149
114.9,36.07483803,-79.77459602,149
115,36.07483347,-79.7745996,149
115.1,36.0748289,-79.77460318,149
115.2,36.07482406,-79.77460632,149
115.3,36.07481897,-79.774609,149
115.4,36.07481375,-79.77461126,149
115.5,36.07480834,-79.77461305,149
115.6,36.07480279,-79.77461433,149
115.7,36.07479728,-79.77461499,149
115.8,36.07479184,-79.774615,149
115.9,36.07478646,-79.77461438,149
116,36.07478123,-79.77461299,149
116.1,36.0747762,-79.77461088,149
116.2,36.07477139,-79.7746082,149
116.3,36.07476682,-79.77460497,149
116.4,36.07476253,-79.77460124,149
116.5,36.07475864,-79.774597,149
116.6,36.07475516,-79.77459231,149
116.7,36.07475207,-79.77458728,149
116.8,36.07474938,-79.77458196,149
116.9,36.0747471,-79.77457637,149
117,36.0747453,-79.77457053,149
117.1,36.07474399,-79.77456455,149
117.2,36.0747431,-79.77455842,149
117.3,36.07474263,-79.77455218,149
117.4,36.07474259,-79.7745459,149
117.5,36.0747431,-79.77453962,149
117.6,36.07474413,-79.77453343,149
117.7,36.07474563,-79.77452737,149
117.8,36.07474759,-79.7745215,149
117.9,36.07474999,-79.77451584,149
118,36.0747529,-79.77451051,149
118.1,36.07475627,-79.77450553,149
118.2,36.07475999,-79.77450086,149
118.3,36.07476405,-79.7744965,149
118.4,36.07476841,-79.77449241,149
118.5,36.07477309,-79.77448861,149
118.6,36.07477804,-79.77448499,149
118.7,36.07478318,-79.77448145,149
118.8,36.07478849,-79.77447793,149
118.9,36.07479396,-79.7744744,149
119,36.07479957,-79.77447078,149
119.1,36.07480531,-79.77446707,149
119.2,36.07481117,-79.77446331,149
119.3,36.07481715,-79.7744595,149
119.4,36.07482326,-79.77445569,149
119.5,36.07482954,-79.7744519,149
119.6,36.074836,-79.77444817,149
119.7,36.07484261,-79.77444451,149
119.8,36.07484937,-79.77444091,149
119.9,36.07485628,-79.77443736,149
120,36.07486334,-79.77443387,149
